category,tp,fp,fn,tn,tpr,fpr,passed
CWE-113,1,0,0,1,1.0000,0.0000,true
CWE-116,1,0,0,1,1.0000,0.0000,true
CWE-1321,1,0,0,1,1.0000,0.0000,true
CWE-1336,1,0,0,1,1.0000,0.0000,true
CWE-200,1,0,0,1,1.0000,0.0000,true
CWE-201,1,0,0,1,1.0000,0.0000,true
CWE-22,1,0,0,1,1.0000,0.0000,true
CWE-284,1,0,0,1,1.0000,0.0000,true
CWE-287,1,0,0,1,1.0000,0.0000,true
CWE-306,1,0,0,1,1.0000,0.0000,true
CWE-328,1,0,0,1,1.0000,0.0000,true
CWE-330,1,0,0,1,1.0000,0.0000,true
CWE-352,1,0,0,1,1.0000,0.0000,true
CWE-362,1,0,0,1,1.0000,0.0000,true
CWE-400,1,0,0,1,1.0000,0.0000,true
CWE-501,1,0,0,1,1.0000,0.0000,true
CWE-502,1,0,0,1,1.0000,0.0000,true
CWE-532,1,0,0,1,1.0000,0.0000,true
CWE-601,1,0,0,1,1.0000,0.0000,true
CWE-611,0,0,1,1,0.0000,0.0000,false
CWE-614,1,0,0,1,1.0000,0.0000,true
CWE-639,1,0,0,1,1.0000,0.0000,true
CWE-643,1,0,0,1,1.0000,0.0000,true
CWE-776,0,0,1,1,0.0000,0.0000,false
CWE-78,1,0,0,1,1.0000,0.0000,true
CWE-79,1,0,0,1,1.0000,0.0000,true
CWE-840,1,0,0,1,1.0000,0.0000,true
CWE-841,1,0,0,1,1.0000,0.0000,true
CWE-862,1,0,0,1,1.0000,0.0000,true
CWE-863,1,0,0,1,1.0000,0.0000,true
CWE-89,1,0,0,1,1.0000,0.0000,true
CWE-90,1,0,0,1,1.0000,0.0000,true
CWE-918,1,0,0,1,1.0000,0.0000,true
CWE-94,1,0,0,1,1.0000,0.0000,true
CWE-943,1,0,0,1,1.0000,0.0000,true
NODE-EVENT-LOOP-STARVATION,1,0,0,1,1.0000,0.0000,true
NODE-PACKAGE-LIFECYCLE-SCRIPT,0,0,1,1,0.0000,0.0000,false
NODE-PROTOTYPE-POLLUTION,1,0,0,1,1.0000,0.0000,true
NODE-REGEX-ENGINE-DOS,1,0,0,1,1.0000,0.0000,true
NODE-VM-CONTEXT-ESCAPE,1,0,0,1,1.0000,0.0000,true
TOTAL,37,0,3,40,0.9250,0.0000,false
