case_id,category,control,expected_disposition,scored_in_accuracy,required_evidence_grade,repository_path,route,source_location,sink_location,rule_id,reason_code
cwe-113-vulnerable,CWE-113,vulnerable,FINDING,true,RUNTIME_SEMANTIC,apps/koa-product,/benchmark/cwe-113/vulnerable,/benchmark/cwe-113/vulnerable,apps/koa-product/src/semantics/output.js:47,IAST.HTTP_HEADER.INJECTION,
cwe-113-safe,CWE-113,safe,CLEAN,true,CLOSED_DENOMINATOR,apps/koa-product,/benchmark/cwe-113/safe,/benchmark/cwe-113/safe,apps/koa-product/src/semantics/output.js:54,,
cwe-113-unknown,CWE-113,unknown,UNKNOWN,false,CAPABILITY_GAP,apps/koa-product,,qualification/runtime-capability-contract,qualification/runtime-capability-contract#CWE-113,,node_cwe_113_semantic_coordinate_unresolved
cwe-113-unsupported,CWE-113,unsupported,UNSUPPORTED,false,UNSUPPORTED_COORDINATE,controls/unqualified-coordinate,,controls/unqualified-coordinate,unqualified runtime or framework coordinate,,
cwe-116-vulnerable,CWE-116,vulnerable,FINDING,true,RUNTIME_SEMANTIC,apps/koa-product,/benchmark/cwe-116/vulnerable,/benchmark/cwe-116/vulnerable,apps/koa-product/src/semantics/output.js:33,IAST.OUTPUT_ENCODING.INJECTION,
cwe-116-safe,CWE-116,safe,CLEAN,true,CLOSED_DENOMINATOR,apps/koa-product,/benchmark/cwe-116/safe,/benchmark/cwe-116/safe,apps/koa-product/src/semantics/output.js:40,,
cwe-116-unknown,CWE-116,unknown,UNKNOWN,false,CAPABILITY_GAP,apps/koa-product,,qualification/runtime-capability-contract,qualification/runtime-capability-contract#CWE-116,,node_cwe_116_semantic_coordinate_unresolved
cwe-116-unsupported,CWE-116,unsupported,UNSUPPORTED,false,UNSUPPORTED_COORDINATE,controls/unqualified-coordinate,,controls/unqualified-coordinate,unqualified runtime or framework coordinate,,
cwe-1321-vulnerable,CWE-1321,vulnerable,FINDING,true,RUNTIME_SEMANTIC,apps/koa-product,/benchmark/cwe-1321/vulnerable,/benchmark/cwe-1321/vulnerable,apps/koa-product/src/semantics/node.js:16,IAST.NODE.PROTOTYPE_POLLUTION,
cwe-1321-safe,CWE-1321,safe,CLEAN,true,CLOSED_DENOMINATOR,apps/koa-product,/benchmark/cwe-1321/safe,/benchmark/cwe-1321/safe,apps/koa-product/src/semantics/node.js:24,,
cwe-1321-unknown,CWE-1321,unknown,UNKNOWN,false,CAPABILITY_GAP,apps/koa-product,,qualification/runtime-capability-contract,qualification/runtime-capability-contract#CWE-1321,,node_cwe_1321_semantic_coordinate_unresolved
cwe-1321-unsupported,CWE-1321,unsupported,UNSUPPORTED,false,UNSUPPORTED_COORDINATE,controls/unqualified-coordinate,,controls/unqualified-coordinate,unqualified runtime or framework coordinate,,
cwe-1336-vulnerable,CWE-1336,vulnerable,FINDING,true,RUNTIME_SEMANTIC,apps/koa-product,/benchmark/cwe-1336/vulnerable,/benchmark/cwe-1336/vulnerable,apps/koa-product/src/semantics/output.js:62,IAST.TEMPLATE.INJECTION,
cwe-1336-safe,CWE-1336,safe,CLEAN,true,CLOSED_DENOMINATOR,apps/koa-product,/benchmark/cwe-1336/safe,/benchmark/cwe-1336/safe,apps/koa-product/src/semantics/output.js:69,,
cwe-1336-unknown,CWE-1336,unknown,UNKNOWN,false,CAPABILITY_GAP,apps/koa-product,,qualification/runtime-capability-contract,qualification/runtime-capability-contract#CWE-1336,,node_cwe_1336_semantic_coordinate_unresolved
cwe-1336-unsupported,CWE-1336,unsupported,UNSUPPORTED,false,UNSUPPORTED_COORDINATE,controls/unqualified-coordinate,,controls/unqualified-coordinate,unqualified runtime or framework coordinate,,
cwe-200-vulnerable,CWE-200,vulnerable,FINDING,true,RUNTIME_VALUE_FLOW,apps/koa-product,/benchmark/cwe-200/vulnerable,/benchmark/cwe-200/vulnerable,apps/koa-product/src/semantics/output.js:75,IAST.SENSITIVE_DATA.RESPONSE_EXPOSURE,
cwe-200-safe,CWE-200,safe,CLEAN,true,CLOSED_DENOMINATOR,apps/koa-product,/benchmark/cwe-200/safe,/benchmark/cwe-200/safe,apps/koa-product/src/semantics/output.js:81,,
cwe-200-unknown,CWE-200,unknown,UNKNOWN,false,CAPABILITY_GAP,apps/koa-product,,qualification/runtime-capability-contract,qualification/runtime-capability-contract#CWE-200,,node_cwe_200_semantic_coordinate_unresolved
cwe-200-unsupported,CWE-200,unsupported,UNSUPPORTED,false,UNSUPPORTED_COORDINATE,controls/unqualified-coordinate,,controls/unqualified-coordinate,unqualified runtime or framework coordinate,,
cwe-201-vulnerable,CWE-201,vulnerable,FINDING,true,RUNTIME_VALUE_FLOW,apps/koa-product,/benchmark/cwe-201/vulnerable,/benchmark/cwe-201/vulnerable,apps/koa-product/src/semantics/output.js:87,IAST.SENSITIVE_DATA.OUTBOUND_EXPOSURE,
cwe-201-safe,CWE-201,safe,CLEAN,true,CLOSED_DENOMINATOR,apps/koa-product,/benchmark/cwe-201/safe,/benchmark/cwe-201/safe,apps/koa-product/src/semantics/output.js:99,,
cwe-201-unknown,CWE-201,unknown,UNKNOWN,false,CAPABILITY_GAP,apps/koa-product,,qualification/runtime-capability-contract,qualification/runtime-capability-contract#CWE-201,,node_cwe_201_semantic_coordinate_unresolved
cwe-201-unsupported,CWE-201,unsupported,UNSUPPORTED,false,UNSUPPORTED_COORDINATE,controls/unqualified-coordinate,,controls/unqualified-coordinate,unqualified runtime or framework coordinate,,
cwe-22-vulnerable,CWE-22,vulnerable,FINDING,true,RUNTIME_EFFECT,apps/koa-product,/benchmark/cwe-22/vulnerable,/benchmark/cwe-22/vulnerable,apps/koa-product/src/semantics/injection.js:49,IAST.FILESYSTEM.INJECTION,
cwe-22-safe,CWE-22,safe,CLEAN,true,CLOSED_DENOMINATOR,apps/koa-product,/benchmark/cwe-22/safe,/benchmark/cwe-22/safe,apps/koa-product/src/semantics/injection.js:57,,
cwe-22-unknown,CWE-22,unknown,UNKNOWN,false,CAPABILITY_GAP,apps/koa-product,,qualification/runtime-capability-contract,qualification/runtime-capability-contract#CWE-22,,node_cwe_22_semantic_coordinate_unresolved
cwe-22-unsupported,CWE-22,unsupported,UNSUPPORTED,false,UNSUPPORTED_COORDINATE,controls/unqualified-coordinate,,controls/unqualified-coordinate,unqualified runtime or framework coordinate,,
cwe-284-vulnerable,CWE-284,vulnerable,FINDING,true,RUNTIME_DIFFERENTIAL,apps/koa-product,/controller/cwe-284/vulnerable,apps/koa-product/.sivere.json#cwe-284-vulnerable,apps/koa-product/src/controller/access.js,SIVERE.ACCESS_CONTROL.IMPROPER,
cwe-284-safe,CWE-284,safe,CLEAN,true,CLOSED_DENOMINATOR,apps/koa-product,/controller/cwe-284/safe,apps/koa-product/.sivere.json#cwe-284-safe,apps/koa-product/src/controller/access.js,,
cwe-284-unknown,CWE-284,unknown,UNKNOWN,false,CAPABILITY_GAP,apps/koa-product,,qualification/runtime-capability-contract,qualification/runtime-capability-contract#CWE-284,,declared_cwe-284_policy_required
cwe-284-unsupported,CWE-284,unsupported,UNSUPPORTED,false,UNSUPPORTED_COORDINATE,controls/unqualified-coordinate,,controls/unqualified-coordinate,unqualified runtime or framework coordinate,,
cwe-287-vulnerable,CWE-287,vulnerable,FINDING,true,RUNTIME_DIFFERENTIAL,apps/koa-product,/controller/cwe-287/vulnerable,apps/koa-product/.sivere.json#cwe-287-vulnerable,apps/koa-product/src/controller/access.js,SIVERE.AUTHENTICATION.IMPROPER,
cwe-287-safe,CWE-287,safe,CLEAN,true,CLOSED_DENOMINATOR,apps/koa-product,/controller/cwe-287/safe,apps/koa-product/.sivere.json#cwe-287-safe,apps/koa-product/src/controller/access.js,,
cwe-287-unknown,CWE-287,unknown,UNKNOWN,false,CAPABILITY_GAP,apps/koa-product,,qualification/runtime-capability-contract,qualification/runtime-capability-contract#CWE-287,,declared_cwe-287_policy_required
cwe-287-unsupported,CWE-287,unsupported,UNSUPPORTED,false,UNSUPPORTED_COORDINATE,controls/unqualified-coordinate,,controls/unqualified-coordinate,unqualified runtime or framework coordinate,,
cwe-306-vulnerable,CWE-306,vulnerable,FINDING,true,RUNTIME_DIFFERENTIAL,apps/koa-product,/controller/cwe-306/vulnerable,apps/koa-product/.sivere.json#cwe-306-vulnerable,apps/koa-product/src/controller/access.js,SIVERE.AUTHENTICATION.MISSING,
cwe-306-safe,CWE-306,safe,CLEAN,true,CLOSED_DENOMINATOR,apps/koa-product,/controller/cwe-306/safe,apps/koa-product/.sivere.json#cwe-306-safe,apps/koa-product/src/controller/access.js,,
cwe-306-unknown,CWE-306,unknown,UNKNOWN,false,CAPABILITY_GAP,apps/koa-product,,qualification/runtime-capability-contract,qualification/runtime-capability-contract#CWE-306,,declared_cwe-306_policy_required
cwe-306-unsupported,CWE-306,unsupported,UNSUPPORTED,false,UNSUPPORTED_COORDINATE,controls/unqualified-coordinate,,controls/unqualified-coordinate,unqualified runtime or framework coordinate,,
cwe-328-vulnerable,CWE-328,vulnerable,FINDING,true,RUNTIME_PROPERTY,apps/koa-product,/benchmark/cwe-328/vulnerable,/benchmark/cwe-328/vulnerable,apps/koa-product/src/semantics/data.js:28,IAST.CRYPTO.WEAK_HASH,
cwe-328-safe,CWE-328,safe,CLEAN,true,CLOSED_DENOMINATOR,apps/koa-product,/benchmark/cwe-328/safe,/benchmark/cwe-328/safe,apps/koa-product/src/semantics/data.js:35,,
cwe-328-unknown,CWE-328,unknown,UNKNOWN,false,CAPABILITY_GAP,apps/koa-product,,qualification/runtime-capability-contract,qualification/runtime-capability-contract#CWE-328,,node_cwe_328_semantic_coordinate_unresolved
cwe-328-unsupported,CWE-328,unsupported,UNSUPPORTED,false,UNSUPPORTED_COORDINATE,controls/unqualified-coordinate,,controls/unqualified-coordinate,unqualified runtime or framework coordinate,,
cwe-330-vulnerable,CWE-330,vulnerable,FINDING,true,RUNTIME_PROPERTY,apps/koa-product,/benchmark/cwe-330/vulnerable,/benchmark/cwe-330/vulnerable,apps/koa-product/src/semantics/data.js:42,IAST.RANDOM.WEAK,
cwe-330-safe,CWE-330,safe,CLEAN,true,CLOSED_DENOMINATOR,apps/koa-product,/benchmark/cwe-330/safe,/benchmark/cwe-330/safe,apps/koa-product/src/semantics/data.js:48,,
cwe-330-unknown,CWE-330,unknown,UNKNOWN,false,CAPABILITY_GAP,apps/koa-product,,qualification/runtime-capability-contract,qualification/runtime-capability-contract#CWE-330,,node_cwe_330_semantic_coordinate_unresolved
cwe-330-unsupported,CWE-330,unsupported,UNSUPPORTED,false,UNSUPPORTED_COORDINATE,controls/unqualified-coordinate,,controls/unqualified-coordinate,unqualified runtime or framework coordinate,,
cwe-352-vulnerable,CWE-352,vulnerable,FINDING,true,RUNTIME_DIFFERENTIAL,apps/koa-product,/controller/cwe-352/vulnerable,apps/koa-product/.sivere.json#cwe-352-vulnerable,apps/koa-product/src/controller/access.js,SIVERE.CSRF.MISSING_OR_INVALID,
cwe-352-safe,CWE-352,safe,CLEAN,true,CLOSED_DENOMINATOR,apps/koa-product,/controller/cwe-352/safe,apps/koa-product/.sivere.json#cwe-352-safe,apps/koa-product/src/controller/access.js,,
cwe-352-unknown,CWE-352,unknown,UNKNOWN,false,CAPABILITY_GAP,apps/koa-product,,qualification/runtime-capability-contract,qualification/runtime-capability-contract#CWE-352,,declared_cwe-352_policy_required
cwe-352-unsupported,CWE-352,unsupported,UNSUPPORTED,false,UNSUPPORTED_COORDINATE,controls/unqualified-coordinate,,controls/unqualified-coordinate,unqualified runtime or framework coordinate,,
cwe-362-vulnerable,CWE-362,vulnerable,FINDING,true,RUNTIME_DIFFERENTIAL,apps/koa-product,/controller/race/vulnerable/claim,apps/koa-product/.sivere.json#cwe-362-vulnerable,apps/koa-product/src/controller/concurrency.js,SIVERE.CONCURRENCY.RACE_CONDITION,
cwe-362-safe,CWE-362,safe,CLEAN,true,CLOSED_DENOMINATOR,apps/koa-product,/controller/race/safe/claim,apps/koa-product/.sivere.json#cwe-362-safe,apps/koa-product/src/controller/concurrency.js,,
cwe-362-unknown,CWE-362,unknown,UNKNOWN,false,CAPABILITY_GAP,apps/koa-product,,qualification/runtime-capability-contract,qualification/runtime-capability-contract#CWE-362,,declared_cwe-362_policy_required
cwe-362-unsupported,CWE-362,unsupported,UNSUPPORTED,false,UNSUPPORTED_COORDINATE,controls/unqualified-coordinate,,controls/unqualified-coordinate,unqualified runtime or framework coordinate,,
cwe-400-vulnerable,CWE-400,vulnerable,FINDING,true,RUNTIME_EFFECT,apps/koa-product,/benchmark/cwe-400/vulnerable,/benchmark/cwe-400/vulnerable,apps/koa-product/src/semantics/data.js:125,IAST.REGEX.REDOS,
cwe-400-safe,CWE-400,safe,CLEAN,true,CLOSED_DENOMINATOR,apps/koa-product,/benchmark/cwe-400/safe,/benchmark/cwe-400/safe,apps/koa-product/src/semantics/data.js:132,,
cwe-400-unknown,CWE-400,unknown,UNKNOWN,false,CAPABILITY_GAP,apps/koa-product,,qualification/runtime-capability-contract,qualification/runtime-capability-contract#CWE-400,,node_cwe_400_semantic_coordinate_unresolved
cwe-400-unsupported,CWE-400,unsupported,UNSUPPORTED,false,UNSUPPORTED_COORDINATE,controls/unqualified-coordinate,,controls/unqualified-coordinate,unqualified runtime or framework coordinate,,
cwe-501-vulnerable,CWE-501,vulnerable,FINDING,true,RUNTIME_VALUE_FLOW,apps/koa-product,/benchmark/cwe-501/vulnerable,/benchmark/cwe-501/vulnerable,apps/koa-product/src/semantics/output.js:151,IAST.TRUST_BOUNDARY.VIOLATION,
cwe-501-safe,CWE-501,safe,CLEAN,true,CLOSED_DENOMINATOR,apps/koa-product,/benchmark/cwe-501/safe,/benchmark/cwe-501/safe,apps/koa-product/src/semantics/output.js:157,,
cwe-501-unknown,CWE-501,unknown,UNKNOWN,false,CAPABILITY_GAP,apps/koa-product,,qualification/runtime-capability-contract,qualification/runtime-capability-contract#CWE-501,,node_cwe_501_semantic_coordinate_unresolved
cwe-501-unsupported,CWE-501,unsupported,UNSUPPORTED,false,UNSUPPORTED_COORDINATE,controls/unqualified-coordinate,,controls/unqualified-coordinate,unqualified runtime or framework coordinate,,
cwe-502-vulnerable,CWE-502,vulnerable,FINDING,true,RUNTIME_SEMANTIC,apps/koa-product,/benchmark/cwe-502/vulnerable,/benchmark/cwe-502/vulnerable,apps/koa-product/src/semantics/data.js:54,IAST.DESERIALIZATION.UNSAFE,
cwe-502-safe,CWE-502,safe,CLEAN,true,CLOSED_DENOMINATOR,apps/koa-product,/benchmark/cwe-502/safe,/benchmark/cwe-502/safe,apps/koa-product/src/semantics/data.js:62,,
cwe-502-unknown,CWE-502,unknown,UNKNOWN,false,CAPABILITY_GAP,apps/koa-product,,qualification/runtime-capability-contract,qualification/runtime-capability-contract#CWE-502,,node_cwe_502_semantic_coordinate_unresolved
cwe-502-unsupported,CWE-502,unsupported,UNSUPPORTED,false,UNSUPPORTED_COORDINATE,controls/unqualified-coordinate,,controls/unqualified-coordinate,unqualified runtime or framework coordinate,,
cwe-532-vulnerable,CWE-532,vulnerable,FINDING,true,RUNTIME_VALUE_FLOW,apps/koa-product,/benchmark/cwe-532/vulnerable,/benchmark/cwe-532/vulnerable,apps/koa-product/src/semantics/output.js:111,IAST.SENSITIVE_DATA.LOG_EXPOSURE,
cwe-532-safe,CWE-532,safe,CLEAN,true,CLOSED_DENOMINATOR,apps/koa-product,/benchmark/cwe-532/safe,/benchmark/cwe-532/safe,apps/koa-product/src/semantics/output.js:118,,
cwe-532-unknown,CWE-532,unknown,UNKNOWN,false,CAPABILITY_GAP,apps/koa-product,,qualification/runtime-capability-contract,qualification/runtime-capability-contract#CWE-532,,node_cwe_532_semantic_coordinate_unresolved
cwe-532-unsupported,CWE-532,unsupported,UNSUPPORTED,false,UNSUPPORTED_COORDINATE,controls/unqualified-coordinate,,controls/unqualified-coordinate,unqualified runtime or framework coordinate,,
cwe-601-vulnerable,CWE-601,vulnerable,FINDING,true,RUNTIME_SEMANTIC,apps/koa-product,/benchmark/cwe-601/vulnerable,/benchmark/cwe-601/vulnerable,apps/koa-product/src/semantics/output.js:125,IAST.REDIRECT.UNVALIDATED,
cwe-601-safe,CWE-601,safe,CLEAN,true,CLOSED_DENOMINATOR,apps/koa-product,/benchmark/cwe-601/safe,/benchmark/cwe-601/safe,apps/koa-product/src/semantics/output.js:131,,
cwe-601-unknown,CWE-601,unknown,UNKNOWN,false,CAPABILITY_GAP,apps/koa-product,,qualification/runtime-capability-contract,qualification/runtime-capability-contract#CWE-601,,node_cwe_601_semantic_coordinate_unresolved
cwe-601-unsupported,CWE-601,unsupported,UNSUPPORTED,false,UNSUPPORTED_COORDINATE,controls/unqualified-coordinate,,controls/unqualified-coordinate,unqualified runtime or framework coordinate,,
cwe-611-vulnerable,CWE-611,vulnerable,FINDING,true,RUNTIME_EFFECT,apps/koa-product,/benchmark/cwe-611/vulnerable,/benchmark/cwe-611/vulnerable,apps/koa-product/src/semantics/data.js:71,IAST.XML.EXTERNAL_ENTITY,
cwe-611-safe,CWE-611,safe,CLEAN,true,CLOSED_DENOMINATOR,apps/koa-product,/benchmark/cwe-611/safe,/benchmark/cwe-611/safe,apps/koa-product/src/semantics/data.js:84,,
cwe-611-unknown,CWE-611,unknown,UNKNOWN,false,CAPABILITY_GAP,apps/koa-product,,qualification/runtime-capability-contract,qualification/runtime-capability-contract#CWE-611,,node_cwe_611_semantic_coordinate_unresolved
cwe-611-unsupported,CWE-611,unsupported,UNSUPPORTED,false,UNSUPPORTED_COORDINATE,controls/unqualified-coordinate,,controls/unqualified-coordinate,unqualified runtime or framework coordinate,,
cwe-614-vulnerable,CWE-614,vulnerable,FINDING,true,RUNTIME_PROPERTY,apps/koa-product,/benchmark/cwe-614/vulnerable,/benchmark/cwe-614/vulnerable,apps/koa-product/src/semantics/output.js:137,IAST.COOKIE.INSECURE,
cwe-614-safe,CWE-614,safe,CLEAN,true,CLOSED_DENOMINATOR,apps/koa-product,/benchmark/cwe-614/safe,/benchmark/cwe-614/safe,apps/koa-product/src/semantics/output.js:144,,
cwe-614-unknown,CWE-614,unknown,UNKNOWN,false,CAPABILITY_GAP,apps/koa-product,,qualification/runtime-capability-contract,qualification/runtime-capability-contract#CWE-614,,node_cwe_614_semantic_coordinate_unresolved
cwe-614-unsupported,CWE-614,unsupported,UNSUPPORTED,false,UNSUPPORTED_COORDINATE,controls/unqualified-coordinate,,controls/unqualified-coordinate,unqualified runtime or framework coordinate,,
cwe-639-vulnerable,CWE-639,vulnerable,FINDING,true,RUNTIME_DIFFERENTIAL,apps/koa-product,/controller/cwe-639/vulnerable,apps/koa-product/.sivere.json#cwe-639-vulnerable,apps/koa-product/src/controller/access.js,SIVERE.AUTHORIZATION.CROSS_TENANT,
cwe-639-safe,CWE-639,safe,CLEAN,true,CLOSED_DENOMINATOR,apps/koa-product,/controller/cwe-639/safe,apps/koa-product/.sivere.json#cwe-639-safe,apps/koa-product/src/controller/access.js,,
cwe-639-unknown,CWE-639,unknown,UNKNOWN,false,CAPABILITY_GAP,apps/koa-product,,qualification/runtime-capability-contract,qualification/runtime-capability-contract#CWE-639,,declared_cwe-639_policy_required
cwe-639-unsupported,CWE-639,unsupported,UNSUPPORTED,false,UNSUPPORTED_COORDINATE,controls/unqualified-coordinate,,controls/unqualified-coordinate,unqualified runtime or framework coordinate,,
cwe-643-vulnerable,CWE-643,vulnerable,FINDING,true,RUNTIME_SEMANTIC,apps/koa-product,/benchmark/cwe-643/vulnerable,/benchmark/cwe-643/vulnerable,apps/koa-product/src/semantics/injection.js:139,IAST.XPATH.INJECTION,
cwe-643-safe,CWE-643,safe,CLEAN,true,CLOSED_DENOMINATOR,apps/koa-product,/benchmark/cwe-643/safe,/benchmark/cwe-643/safe,apps/koa-product/src/semantics/injection.js:147,,
cwe-643-unknown,CWE-643,unknown,UNKNOWN,false,CAPABILITY_GAP,apps/koa-product,,qualification/runtime-capability-contract,qualification/runtime-capability-contract#CWE-643,,node_cwe_643_semantic_coordinate_unresolved
cwe-643-unsupported,CWE-643,unsupported,UNSUPPORTED,false,UNSUPPORTED_COORDINATE,controls/unqualified-coordinate,,controls/unqualified-coordinate,unqualified runtime or framework coordinate,,
cwe-776-vulnerable,CWE-776,vulnerable,FINDING,true,RUNTIME_EFFECT,apps/koa-product,/benchmark/cwe-776/vulnerable,/benchmark/cwe-776/vulnerable,apps/koa-product/src/semantics/data.js:99,IAST.XML.ENTITY_EXPANSION,
cwe-776-safe,CWE-776,safe,CLEAN,true,CLOSED_DENOMINATOR,apps/koa-product,/benchmark/cwe-776/safe,/benchmark/cwe-776/safe,apps/koa-product/src/semantics/data.js:114,,
cwe-776-unknown,CWE-776,unknown,UNKNOWN,false,CAPABILITY_GAP,apps/koa-product,,qualification/runtime-capability-contract,qualification/runtime-capability-contract#CWE-776,,node_cwe_776_semantic_coordinate_unresolved
cwe-776-unsupported,CWE-776,unsupported,UNSUPPORTED,false,UNSUPPORTED_COORDINATE,controls/unqualified-coordinate,,controls/unqualified-coordinate,unqualified runtime or framework coordinate,,
cwe-78-vulnerable,CWE-78,vulnerable,FINDING,true,RUNTIME_SEMANTIC,apps/koa-product,/benchmark/cwe-78/vulnerable,/benchmark/cwe-78/vulnerable,apps/koa-product/src/semantics/injection.js:35,IAST.COMMAND.INJECTION,
cwe-78-safe,CWE-78,safe,CLEAN,true,CLOSED_DENOMINATOR,apps/koa-product,/benchmark/cwe-78/safe,/benchmark/cwe-78/safe,apps/koa-product/src/semantics/injection.js:42,,
cwe-78-unknown,CWE-78,unknown,UNKNOWN,false,CAPABILITY_GAP,apps/koa-product,,qualification/runtime-capability-contract,qualification/runtime-capability-contract#CWE-78,,node_cwe_78_semantic_coordinate_unresolved
cwe-78-unsupported,CWE-78,unsupported,UNSUPPORTED,false,UNSUPPORTED_COORDINATE,controls/unqualified-coordinate,,controls/unqualified-coordinate,unqualified runtime or framework coordinate,,
cwe-79-vulnerable,CWE-79,vulnerable,FINDING,true,RUNTIME_SEMANTIC,apps/koa-product,/benchmark/cwe-79/vulnerable,/benchmark/cwe-79/vulnerable,apps/koa-product/src/semantics/output.js:19,IAST.XSS.OUTPUT_CONTEXT,
cwe-79-safe,CWE-79,safe,CLEAN,true,CLOSED_DENOMINATOR,apps/koa-product,/benchmark/cwe-79/safe,/benchmark/cwe-79/safe,apps/koa-product/src/semantics/output.js:26,,
cwe-79-unknown,CWE-79,unknown,UNKNOWN,false,CAPABILITY_GAP,apps/koa-product,,qualification/runtime-capability-contract,qualification/runtime-capability-contract#CWE-79,,node_cwe_79_semantic_coordinate_unresolved
cwe-79-unsupported,CWE-79,unsupported,UNSUPPORTED,false,UNSUPPORTED_COORDINATE,controls/unqualified-coordinate,,controls/unqualified-coordinate,unqualified runtime or framework coordinate,,
cwe-840-vulnerable,CWE-840,vulnerable,FINDING,true,RUNTIME_DIFFERENTIAL,apps/koa-product,/controller/workflow/vulnerable/execute,apps/koa-product/.sivere.json#cwe-840-vulnerable,apps/koa-product/src/controller/workflow.js,SIVERE.BUSINESS_LOGIC.LIMIT_BYPASS,
cwe-840-safe,CWE-840,safe,CLEAN,true,CLOSED_DENOMINATOR,apps/koa-product,/controller/workflow/safe/execute,apps/koa-product/.sivere.json#cwe-840-safe,apps/koa-product/src/controller/workflow.js,,
cwe-840-unknown,CWE-840,unknown,UNKNOWN,false,CAPABILITY_GAP,apps/koa-product,,qualification/runtime-capability-contract,qualification/runtime-capability-contract#CWE-840,,declared_cwe-840_policy_required
cwe-840-unsupported,CWE-840,unsupported,UNSUPPORTED,false,UNSUPPORTED_COORDINATE,controls/unqualified-coordinate,,controls/unqualified-coordinate,unqualified runtime or framework coordinate,,
cwe-841-vulnerable,CWE-841,vulnerable,FINDING,true,RUNTIME_DIFFERENTIAL,apps/koa-product,/controller/service/vulnerable,apps/koa-product/.sivere.json#cwe-841-vulnerable,apps/koa-product/src/controller/service.js,SIVERE.MULTI_SERVICE.FORBIDDEN_INTERACTION,
cwe-841-safe,CWE-841,safe,CLEAN,true,CLOSED_DENOMINATOR,apps/koa-product,/controller/service/safe,apps/koa-product/.sivere.json#cwe-841-safe,apps/koa-product/src/controller/service.js,,
cwe-841-unknown,CWE-841,unknown,UNKNOWN,false,CAPABILITY_GAP,apps/koa-product,,qualification/runtime-capability-contract,qualification/runtime-capability-contract#CWE-841,,declared_cwe-841_policy_required
cwe-841-unsupported,CWE-841,unsupported,UNSUPPORTED,false,UNSUPPORTED_COORDINATE,controls/unqualified-coordinate,,controls/unqualified-coordinate,unqualified runtime or framework coordinate,,
cwe-862-vulnerable,CWE-862,vulnerable,FINDING,true,RUNTIME_DIFFERENTIAL,apps/koa-product,/controller/cwe-862/vulnerable,apps/koa-product/.sivere.json#cwe-862-vulnerable,apps/koa-product/src/controller/access.js,SIVERE.AUTHORIZATION.MISSING,
cwe-862-safe,CWE-862,safe,CLEAN,true,CLOSED_DENOMINATOR,apps/koa-product,/controller/cwe-862/safe,apps/koa-product/.sivere.json#cwe-862-safe,apps/koa-product/src/controller/access.js,,
cwe-862-unknown,CWE-862,unknown,UNKNOWN,false,CAPABILITY_GAP,apps/koa-product,,qualification/runtime-capability-contract,qualification/runtime-capability-contract#CWE-862,,declared_cwe-862_policy_required
cwe-862-unsupported,CWE-862,unsupported,UNSUPPORTED,false,UNSUPPORTED_COORDINATE,controls/unqualified-coordinate,,controls/unqualified-coordinate,unqualified runtime or framework coordinate,,
cwe-863-vulnerable,CWE-863,vulnerable,FINDING,true,RUNTIME_DIFFERENTIAL,apps/koa-product,/controller/cwe-863/vulnerable,apps/koa-product/.sivere.json#cwe-863-vulnerable,apps/koa-product/src/controller/access.js,SIVERE.AUTHORIZATION.INCORRECT,
cwe-863-safe,CWE-863,safe,CLEAN,true,CLOSED_DENOMINATOR,apps/koa-product,/controller/cwe-863/safe,apps/koa-product/.sivere.json#cwe-863-safe,apps/koa-product/src/controller/access.js,,
cwe-863-unknown,CWE-863,unknown,UNKNOWN,false,CAPABILITY_GAP,apps/koa-product,,qualification/runtime-capability-contract,qualification/runtime-capability-contract#CWE-863,,declared_cwe-863_policy_required
cwe-863-unsupported,CWE-863,unsupported,UNSUPPORTED,false,UNSUPPORTED_COORDINATE,controls/unqualified-coordinate,,controls/unqualified-coordinate,unqualified runtime or framework coordinate,,
cwe-89-vulnerable,CWE-89,vulnerable,FINDING,true,RUNTIME_SEMANTIC,apps/koa-product,/benchmark/cwe-89/vulnerable,/benchmark/cwe-89/vulnerable,apps/koa-product/src/semantics/injection.js:19,IAST.SQL.INJECTION,
cwe-89-safe,CWE-89,safe,CLEAN,true,CLOSED_DENOMINATOR,apps/koa-product,/benchmark/cwe-89/safe,/benchmark/cwe-89/safe,apps/koa-product/src/semantics/injection.js:28,,
cwe-89-unknown,CWE-89,unknown,UNKNOWN,false,CAPABILITY_GAP,apps/koa-product,,qualification/runtime-capability-contract,qualification/runtime-capability-contract#CWE-89,,node_cwe_89_semantic_coordinate_unresolved
cwe-89-unsupported,CWE-89,unsupported,UNSUPPORTED,false,UNSUPPORTED_COORDINATE,controls/unqualified-coordinate,,controls/unqualified-coordinate,unqualified runtime or framework coordinate,,
cwe-90-vulnerable,CWE-90,vulnerable,FINDING,true,RUNTIME_SEMANTIC,apps/koa-product,/benchmark/cwe-90/vulnerable,/benchmark/cwe-90/vulnerable,apps/koa-product/src/semantics/injection.js:115,IAST.LDAP.INJECTION,
cwe-90-safe,CWE-90,safe,CLEAN,true,CLOSED_DENOMINATOR,apps/koa-product,/benchmark/cwe-90/safe,/benchmark/cwe-90/safe,apps/koa-product/src/semantics/injection.js:125,,
cwe-90-unknown,CWE-90,unknown,UNKNOWN,false,CAPABILITY_GAP,apps/koa-product,,qualification/runtime-capability-contract,qualification/runtime-capability-contract#CWE-90,,node_cwe_90_semantic_coordinate_unresolved
cwe-90-unsupported,CWE-90,unsupported,UNSUPPORTED,false,UNSUPPORTED_COORDINATE,controls/unqualified-coordinate,,controls/unqualified-coordinate,unqualified runtime or framework coordinate,,
cwe-918-vulnerable,CWE-918,vulnerable,FINDING,true,RUNTIME_EFFECT,apps/koa-product,/benchmark/cwe-918/vulnerable,/benchmark/cwe-918/vulnerable,apps/koa-product/src/semantics/injection.js:64,IAST.OUTBOUND_HTTP.INJECTION,
cwe-918-safe,CWE-918,safe,CLEAN,true,CLOSED_DENOMINATOR,apps/koa-product,/benchmark/cwe-918/safe,/benchmark/cwe-918/safe,apps/koa-product/src/semantics/injection.js:81,,
cwe-918-unknown,CWE-918,unknown,UNKNOWN,false,CAPABILITY_GAP,apps/koa-product,,qualification/runtime-capability-contract,qualification/runtime-capability-contract#CWE-918,,node_cwe_918_semantic_coordinate_unresolved
cwe-918-unsupported,CWE-918,unsupported,UNSUPPORTED,false,UNSUPPORTED_COORDINATE,controls/unqualified-coordinate,,controls/unqualified-coordinate,unqualified runtime or framework coordinate,,
cwe-94-vulnerable,CWE-94,vulnerable,FINDING,true,RUNTIME_EFFECT,apps/koa-product,/benchmark/cwe-94/vulnerable,/benchmark/cwe-94/vulnerable,apps/koa-product/src/semantics/injection.js:99,IAST.CODE.INJECTION,
cwe-94-safe,CWE-94,safe,CLEAN,true,CLOSED_DENOMINATOR,apps/koa-product,/benchmark/cwe-94/safe,/benchmark/cwe-94/safe,apps/koa-product/src/semantics/injection.js:106,,
cwe-94-unknown,CWE-94,unknown,UNKNOWN,false,CAPABILITY_GAP,apps/koa-product,,qualification/runtime-capability-contract,qualification/runtime-capability-contract#CWE-94,,node_cwe_94_semantic_coordinate_unresolved
cwe-94-unsupported,CWE-94,unsupported,UNSUPPORTED,false,UNSUPPORTED_COORDINATE,controls/unqualified-coordinate,,controls/unqualified-coordinate,unqualified runtime or framework coordinate,,
cwe-943-vulnerable,CWE-943,vulnerable,FINDING,true,RUNTIME_SEMANTIC,apps/koa-product,/benchmark/cwe-943/vulnerable,/benchmark/cwe-943/vulnerable,apps/koa-product/src/semantics/injection.js:161,IAST.NOSQL.INJECTION,
cwe-943-safe,CWE-943,safe,CLEAN,true,CLOSED_DENOMINATOR,apps/koa-product,/benchmark/cwe-943/safe,/benchmark/cwe-943/safe,apps/koa-product/src/semantics/injection.js:168,,
cwe-943-unknown,CWE-943,unknown,UNKNOWN,false,CAPABILITY_GAP,apps/koa-product,,qualification/runtime-capability-contract,qualification/runtime-capability-contract#CWE-943,,node_cwe_943_semantic_coordinate_unresolved
cwe-943-unsupported,CWE-943,unsupported,UNSUPPORTED,false,UNSUPPORTED_COORDINATE,controls/unqualified-coordinate,,controls/unqualified-coordinate,unqualified runtime or framework coordinate,,
node-event-loop-starvation-vulnerable,NODE-EVENT-LOOP-STARVATION,vulnerable,FINDING,true,RUNTIME_EFFECT,apps/koa-product,/benchmark/node-event-loop-starvation/vulnerable,/benchmark/node-event-loop-starvation/vulnerable,apps/koa-product/src/semantics/node.js:48,IAST.RESOURCE.EXHAUSTION,
node-event-loop-starvation-safe,NODE-EVENT-LOOP-STARVATION,safe,CLEAN,true,CLOSED_DENOMINATOR,apps/koa-product,/benchmark/node-event-loop-starvation/safe,/benchmark/node-event-loop-starvation/safe,apps/koa-product/src/semantics/node.js:56,,
node-event-loop-starvation-unknown,NODE-EVENT-LOOP-STARVATION,unknown,UNKNOWN,false,CAPABILITY_GAP,apps/koa-product,,qualification/runtime-capability-contract,qualification/runtime-capability-contract#NODE-EVENT-LOOP-STARVATION,,node_node_event_loop_starvation_semantic_coordinate_unresolved
node-event-loop-starvation-unsupported,NODE-EVENT-LOOP-STARVATION,unsupported,UNSUPPORTED,false,UNSUPPORTED_COORDINATE,controls/unqualified-coordinate,,controls/unqualified-coordinate,unqualified runtime or framework coordinate,,
node-package-lifecycle-script-vulnerable,NODE-PACKAGE-LIFECYCLE-SCRIPT,vulnerable,FINDING,true,BUILD_PROVENANCE,controls/lifecycle-script/vulnerable,,controls/lifecycle-script/vulnerable/package.json,controls/lifecycle-script/vulnerable/package.json#scripts.postinstall,IAST.NODE.PACKAGE_LIFECYCLE_SCRIPT,
node-package-lifecycle-script-safe,NODE-PACKAGE-LIFECYCLE-SCRIPT,safe,CLEAN,true,CLOSED_DENOMINATOR,controls/lifecycle-script/safe,,controls/lifecycle-script/safe/package.json,controls/lifecycle-script/safe/package.json#scripts,,
node-package-lifecycle-script-unknown,NODE-PACKAGE-LIFECYCLE-SCRIPT,unknown,UNKNOWN,false,CAPABILITY_GAP,controls/lifecycle-script/unknown,,qualification/runtime-capability-contract,qualification/runtime-capability-contract#NODE-PACKAGE-LIFECYCLE-SCRIPT,,node_node_package_lifecycle_script_semantic_coordinate_unresolved
node-package-lifecycle-script-unsupported,NODE-PACKAGE-LIFECYCLE-SCRIPT,unsupported,UNSUPPORTED,false,UNSUPPORTED_COORDINATE,controls/unqualified-coordinate,,controls/unqualified-coordinate,unqualified runtime or framework coordinate,,
node-prototype-pollution-vulnerable,NODE-PROTOTYPE-POLLUTION,vulnerable,FINDING,true,RUNTIME_SEMANTIC,apps/koa-product,/benchmark/node-prototype-pollution/vulnerable,/benchmark/node-prototype-pollution/vulnerable,apps/koa-product/src/semantics/node.js:32,IAST.NODE.PROTOTYPE_POLLUTION_PATH,
node-prototype-pollution-safe,NODE-PROTOTYPE-POLLUTION,safe,CLEAN,true,CLOSED_DENOMINATOR,apps/koa-product,/benchmark/node-prototype-pollution/safe,/benchmark/node-prototype-pollution/safe,apps/koa-product/src/semantics/node.js:40,,
node-prototype-pollution-unknown,NODE-PROTOTYPE-POLLUTION,unknown,UNKNOWN,false,CAPABILITY_GAP,apps/koa-product,,qualification/runtime-capability-contract,qualification/runtime-capability-contract#NODE-PROTOTYPE-POLLUTION,,node_node_prototype_pollution_semantic_coordinate_unresolved
node-prototype-pollution-unsupported,NODE-PROTOTYPE-POLLUTION,unsupported,UNSUPPORTED,false,UNSUPPORTED_COORDINATE,controls/unqualified-coordinate,,controls/unqualified-coordinate,unqualified runtime or framework coordinate,,
node-regex-engine-dos-vulnerable,NODE-REGEX-ENGINE-DOS,vulnerable,FINDING,true,RUNTIME_EFFECT,apps/koa-product,/benchmark/node-regex-engine-dos/vulnerable,/benchmark/node-regex-engine-dos/vulnerable,apps/koa-product/src/semantics/node.js:63,IAST.NODE.REGEX_ENGINE_DOS,
node-regex-engine-dos-safe,NODE-REGEX-ENGINE-DOS,safe,CLEAN,true,CLOSED_DENOMINATOR,apps/koa-product,/benchmark/node-regex-engine-dos/safe,/benchmark/node-regex-engine-dos/safe,apps/koa-product/src/semantics/node.js:70,,
node-regex-engine-dos-unknown,NODE-REGEX-ENGINE-DOS,unknown,UNKNOWN,false,CAPABILITY_GAP,apps/koa-product,,qualification/runtime-capability-contract,qualification/runtime-capability-contract#NODE-REGEX-ENGINE-DOS,,node_node_regex_engine_dos_semantic_coordinate_unresolved
node-regex-engine-dos-unsupported,NODE-REGEX-ENGINE-DOS,unsupported,UNSUPPORTED,false,UNSUPPORTED_COORDINATE,controls/unqualified-coordinate,,controls/unqualified-coordinate,unqualified runtime or framework coordinate,,
node-vm-context-escape-vulnerable,NODE-VM-CONTEXT-ESCAPE,vulnerable,FINDING,true,RUNTIME_EFFECT,apps/koa-product,/benchmark/node-vm-context-escape/vulnerable,/benchmark/node-vm-context-escape/vulnerable,apps/koa-product/src/semantics/node.js:77,IAST.NODE.VM_CONTEXT_ESCAPE,
node-vm-context-escape-safe,NODE-VM-CONTEXT-ESCAPE,safe,CLEAN,true,CLOSED_DENOMINATOR,apps/koa-product,/benchmark/node-vm-context-escape/safe,/benchmark/node-vm-context-escape/safe,apps/koa-product/src/semantics/node.js:84,,
node-vm-context-escape-unknown,NODE-VM-CONTEXT-ESCAPE,unknown,UNKNOWN,false,CAPABILITY_GAP,apps/koa-product,,qualification/runtime-capability-contract,qualification/runtime-capability-contract#NODE-VM-CONTEXT-ESCAPE,,node_node_vm_context_escape_semantic_coordinate_unresolved
node-vm-context-escape-unsupported,NODE-VM-CONTEXT-ESCAPE,unsupported,UNSUPPORTED,false,UNSUPPORTED_COORDINATE,controls/unqualified-coordinate,,controls/unqualified-coordinate,unqualified runtime or framework coordinate,,
